id,sex,mass,height,thigh ,shank,foot,
081017bf,1,78,1.8034,0.482122,0.433793,0.314, 
011918ds,1,70.76,1.7018,0.493,0.373075,0.301, 
